{
  "method": "tau_power_law",
  "z_best": 0.7890132267553894,
  "z_min": 0.7815688072171281,
  "z_max": 0.7964576462936508,
  "fit_rmse_log": 0.007444419538261352,
  "n_points": 3
}