{
  "method": "collapse_proxy_scan",
  "z_best": 0.8,
  "z_min": 0.8,
  "z_max": 0.8,
  "error_min": 11708.650734683093,
  "z_grid": [
    0.8,
    0.8117647058823529,
    0.823529411764706,
    0.8352941176470589,
    0.8470588235294119,
    0.8588235294117648,
    0.8705882352941177,
    0.8823529411764707,
    0.8941176470588236,
    0.9058823529411766,
    0.9176470588235295,
    0.9294117647058824,
    0.9411764705882354,
    0.9529411764705883,
    0.9647058823529413,
    0.9764705882352942,
    0.9882352941176471,
    1.0,
    1.011764705882353,
    1.023529411764706,
    1.035294117647059,
    1.0470588235294118,
    1.0588235294117647,
    1.0705882352941178,
    1.0823529411764707,
    1.0941176470588236,
    1.1058823529411765,
    1.1176470588235294,
    1.1294117647058823,
    1.1411764705882355,
    1.1529411764705884,
    1.1647058823529413,
    1.1764705882352942,
    1.1882352941176473,
    1.2000000000000002,
    1.211764705882353,
    1.223529411764706,
    1.2352941176470589,
    1.2470588235294118,
    1.2588235294117647,
    1.2705882352941178,
    1.2823529411764707,
    1.2941176470588236,
    1.3058823529411767,
    1.3176470588235296,
    1.3294117647058825,
    1.3411764705882354,
    1.3529411764705883,
    1.3647058823529412,
    1.3764705882352941,
    1.3882352941176472,
    1.4000000000000001,
    1.411764705882353,
    1.4235294117647062,
    1.435294117647059,
    1.447058823529412,
    1.4588235294117649,
    1.4705882352941178,
    1.4823529411764707,
    1.4941176470588236,
    1.5058823529411764,
    1.5176470588235296,
    1.5294117647058825,
    1.5411764705882356,
    1.5529411764705885,
    1.5647058823529414,
    1.5764705882352943,
    1.5882352941176472,
    1.6,
    1.611764705882353,
    1.6235294117647059,
    1.635294117647059,
    1.647058823529412,
    1.658823529411765,
    1.670588235294118,
    1.6823529411764708,
    1.6941176470588237,
    1.7058823529411766,
    1.7176470588235295,
    1.7294117647058824,
    1.7411764705882353,
    1.7529411764705884,
    1.7647058823529413,
    1.7764705882352942,
    1.7882352941176474,
    1.8000000000000003,
    1.8117647058823532,
    1.823529411764706,
    1.835294117647059,
    1.8470588235294119,
    1.858823529411765,
    1.8705882352941179,
    1.8823529411764708,
    1.8941176470588237,
    1.9058823529411766,
    1.9176470588235297,
    1.9294117647058826,
    1.9411764705882355,
    1.9529411764705884,
    1.9647058823529413,
    1.9764705882352944,
    1.9882352941176473,
    2.0,
    2.011764705882353,
    2.023529411764706,
    2.035294117647059,
    2.047058823529412,
    2.058823529411765,
    2.070588235294118,
    2.0823529411764707,
    2.0941176470588236,
    2.105882352941177,
    2.11764705882353,
    2.129411764705883,
    2.1411764705882357,
    2.1529411764705886,
    2.1647058823529415,
    2.1764705882352944,
    2.1882352941176473,
    2.2
  ],
  "error_grid": [
    11708.650734683093,
    14103.441705354522,
    16982.37936465259,
    20442.417484282563,
    24599.775082520144,
    29593.740084403576,
    35591.219987451776,
    42792.185591082365,
    51436.18230034843,
    61810.117492391764,
    74257.57300728193,
    89189.9402706552,
    107099.73339743279,
    128576.50468182603,
    154325.86931773456,
    185192.24460305076,
    222186.02634816786,
    266516.0654154209,
    319628.4746547696,
    383252.9962110604,
    459458.3975089264,
    550718.6486263032,
    659991.9731359843,
    790815.2694283869,
    947416.8826706355,
    1134851.2839844953,
    1359159.901117407,
    1627563.1652759402,
    1948689.817452485,
    2332850.68498447,
    2792365.531582789,
    3341953.2449819385,
    3999197.6073567593,
    4785103.256307318,
    5724759.261954367,
    6848131.106040895,
    8191005.856237526,
    9796120.107480206,
    11714505.960384276,
    14007097.101302998,
    16746645.150072645,
    20020006.10097872,
    23930868.199234176,
    28603006.325931378,
    34184164.334088705,
    40850686.293651775,
    48813040.867862135,
    58322410.77678274,
    69678552.36338283,
    83239169.68522781,
    99431094.52808899,
    118763619.72761399,
    141844399.92051604,
    169398413.3876632,
    202290573.45276985,
    241552690.8869892,
    288415623.4265785,
    344347608.9903175,
    411099970.4327295,
    490761607.5827448,
    585823963.9177915,
    699258478.8769597,
    834608922.4913962,
    996101468.5803921,
    1188775910.3741145,
    1418642074.9320135,
    1692866270.2055345,
    2019993524.9618871,
    2410212485.531848,
    2875671148.407207,
    3430853174.519327,
    4093026397.7352595,
    4882777364.073355,
    5824648387.692749,
    6947896766.234048,
    8287399558.522683,
    9884731807.451288,
    11789451427.560905,
    14060630334.24067,
    16768678964.65562,
    19997520361.85394,
    23847180739.74072,
    28436876247.33793,
    33908690898.5279,
    40431958795.8067,
    48208485410.242035,
    57478768447.924446,
    68529409525.40152,
    81701944433.34969,
    97403363309.01477,
    116118643897.49352,
    138425682848.02853,
    165013083555.59213,
    196701346672.4979,
    234468113761.83734,
    279478238838.13586,
    333119610544.16693,
    397045823975.3967,
    473227011078.0106,
    564010388534.8285,
    672192379762.2949,
    801104522176.4655,
    954715793088.4196,
    1137754490369.2734,
    1355853402753.4717,
    1615722717629.0288,
    1925355963187.064,
    2294275292818.764,
    2733823623549.543,
    3257512573873.857,
    3881436853396.016,
    4624767789339.427,
    5510341095344.591,
    6565356869956.206,
    7822213243807.997,
    9319499180536.621,
    11103176801640.104,
    13227989398368.8,
    15759138191122.982,
    18774279109251.734
  ]
}