stress,phi_mean,phi_std,n_L,collapse_mean,collapse_std,chi_mean,phi_var_mean,phi_var,collapse_grad,critical_score
0.9,0.965,,1,0.02,,0.02,0.0001,0.0001,0.3000000000000004,0.05913586762084179
0.95,0.975,,1,0.005,,0.005,2.5000000000000045e-05,2.5000000000000045e-05,0.11249999999999905,-1.2509064903247378
1.0,0.9775,,1,0.03125,,0.03125,0.00015625,0.00015625,0.5249999999999995,1.1917706227038962
