stress,phi_mean,phi_std,n_L,collapse_mean,collapse_std,phi_var,collapse_grad,critical_score
0.8,0.12333333333333334,0.025166114784235836,3,0.08,0.02,0.0006333333333333335,0.7000000000000001,-0.6852297652446268
0.9,0.19999999999999998,0.020000000000000014,3,0.15,0.029999999999999992,0.00040000000000000056,1.1500000000000004,-0.6895032733267311
1.0,0.3133333333333333,0.03511884584284241,3,0.31,0.036055512754639855,0.0012333333333333296,2.1499999999999986,0.6738807330249387
1.1,0.5,0.020000000000000018,3,0.58,0.030000000000000013,0.0004000000000000007,2.1999999999999997,-0.14656119883196095
1.2,0.6533333333333333,0.04041451884327379,3,0.75,0.030000000000000027,0.0016333333333333321,1.7000000000000026,0.8474135043783794
