{
  "sigma_c": 1.2,
  "critical_band": [
    1.1,
    1.2
  ],
  "peak_score": 0.8474135043783794,
  "method": "composite_scan",
  "confidence": "heuristic",
  "support": {
    "phi_var": 0.0016333333333333321,
    "collapse_grad": 1.7000000000000026
  }
}